friction,timestep,timeconst,cone,id,valid,engineering_pass,first10ms_excess_normal_impulse_ns,maximum_abs_vertical_speed_m_s,first50ms_vx_reference_max_m_s,first50ms_vx_reference_rms_m_s
0.3,0.001,0.005,elliptic,case-00,True,True,-0.003186646425116642,0.020863045227911187,0.006258913568372576,0.0034400887003258325
0.3,0.001,0.005,pyramidal,case-01,True,True,-0.0030502081046737822,0.02368166479152951,0.0071044994374588055,0.003344801295571775
0.3,0.001,0.02,elliptic,case-02,True,True,-0.0006287010944615048,0.01619369175167696,0.004858107525503114,0.0016723501153527328
0.3,0.001,0.02,pyramidal,case-03,True,True,-0.00045955678410769,0.01697575701368608,0.0050927271041060485,0.0023716678976705907
0.3,0.0005,0.005,elliptic,case-04,True,True,0.0008651008274002053,0.018007694926517374,0.005402308477955586,0.0018171067471101166
0.3,0.0005,0.005,pyramidal,case-05,True,True,-0.0007778422520416264,0.017507400743181384,0.005252220222954407,0.0018024327903348447
0.3,0.0005,0.02,elliptic,case-06,True,True,-0.0006215438490242633,0.00947602239162276,0.002735438592018191,0.0011735240116851646
0.3,0.0005,0.02,pyramidal,case-07,True,True,0.000745356565235177,0.008893460671299883,0.0026680382013902493,0.0011448992377638741
0.3,0.00025,0.005,elliptic,case-08,True,True,0.0008267954181000654,0.010365052181209308,0.003109515654363487,0.0012743530803005407
0.3,0.00025,0.005,pyramidal,case-09,True,True,0.001972056372358818,0.011214782680881212,0.003364434804264377,0.001191099794244157
0.3,0.00025,0.02,elliptic,case-10,True,True,-0.0003152929457914766,0.008360150347929548,0.0025080451043790475,0.0010918394642617875
0.3,0.00025,0.02,pyramidal,case-11,True,True,0.00018525235600371913,0.008911729652482032,0.0026735188957448253,0.0009248670019966785
0.0,0.001,0.005,elliptic,case-12,True,True,0.00024096238409059012,0.009810000000000001,4.905097413410164e-06,2.847528607026566e-06
0.0,0.001,0.005,pyramidal,case-13,True,True,0.00027433248957900246,0.009810000000000001,4.905109903724503e-06,2.8477592257320472e-06
0.0,0.001,0.02,elliptic,case-14,True,True,-0.0007910233565199185,0.009810000000000001,4.911515223054996e-06,2.8449646786907904e-06
0.0,0.001,0.02,pyramidal,case-15,True,True,-0.0006298170514362944,0.009810000000000001,4.916760640516493e-06,2.8514343160309505e-06
0.0,0.0005,0.005,elliptic,case-16,True,True,9.820000848564448e-05,0.0049050000000000005,4.905035249969103e-06,2.8396063127253396e-06
0.0,0.0005,0.005,pyramidal,case-17,True,True,0.00013299990477120717,0.0049050000000000005,4.905044263786573e-06,2.8398409144743193e-06
0.0,0.0005,0.02,elliptic,case-18,True,True,-0.0004631655014865892,0.0049050000000000005,4.905532628968201e-06,2.8350785577870954e-06
0.0,0.0005,0.02,pyramidal,case-19,True,True,-0.00030500918333826733,0.0049050000000000005,4.910889442016897e-06,2.8416158406983404e-06
0.0,0.00025,0.005,elliptic,case-20,True,True,3.0273002326083543e-05,0.0024525000000000003,4.905012204098336e-06,2.8356390555384024e-06
0.0,0.00025,0.005,pyramidal,case-21,True,True,6.55195063459999e-05,0.0024525000000000003,4.904558604940101e-06,2.8344162866699335e-06
0.0,0.00025,0.02,elliptic,case-22,True,True,-0.00030662746796576815,0.0024525000000000003,4.902541904328039e-06,2.8301897614534426e-06
0.0,0.00025,0.02,pyramidal,case-23,True,True,-0.00015002834558580603,0.0024525000000000003,4.907950610699707e-06,2.836751500251649e-06
0.3,0.001,0.005,elliptic,case-24,True,True,-0.003186646425116642,0.020863045227911187,0.006258913568372576,0.0034400887003258325
0.3,0.001,0.005,pyramidal,case-25,True,True,-0.0030502081046737822,0.02368166479152951,0.0071044994374588055,0.003344801295571775
